component	MAE	RMSE
F	2.019802176063302	5.4090492188579375
E	3.1228981206726036	8.305953813007747
A	1.5080415430267058	3.6338473261425226
